Nome,Idade,Nacionalidade,Profissão,Salário
Allen Powell,43,Croatia,Atleta,4206.8261934887105
Paul Allendorf,38,"Moldova, Republic of",Veterinário,3417.364700104904
Jack Sylvester,62,North Macedonia,Empresário,2668.722541520271
Pat Morgan,43,Algeria,Professor,3410.2964584961005
Lillie Boyd,62,Cuba,Garçom,3302.6665251834347
Alexis Kaelin,47,Israel,Escritor,3664.2175977091347
Luba Johnson,56,Eritrea,Arquiteto,8151.346311938622
Elwanda Clarke,26,Trinidad and Tobago,Atleta,8572.508142085062
Florence Woods,60,San Marino,Dentista,3087.1702300319726
Crystal Elkins,33,New Caledonia,Estudante,7136.858895527313
Hermila Casali,59,Burkina Faso,Eletricista,5249.004338218048
Robert Flowers,46,Finland,Arquiteto,6541.195412453277
David Mclaughlin,57,Maldives,Escritor,7507.571405690045
Edward Whitman,44,Guinea-Bissau,Cientista,8769.92410627014
Veronica Rodriquez,37,Albania,Policial,9621.728122525783
Ashley Kim,30,Pitcairn,Dentista,5154.006981184006
Rebecca Gonzales,55,Latvia,Psicólogo,4036.7650095608933
David Lew,27,Sweden,Arquiteto,4164.593122938674
Nancy Legg,42,Netherlands,Programador,9980.21793206308
Willard Rotenberry,61,Indonesia,Programador,7275.122892739436
Marisol Glomb,24,Mauritania,Artista,6868.7911920678935
Theresa Brauer,61,Pitcairn,Psicólogo,3173.2064985112665
Monica Henson,52,Lao People's Democratic Republic,Estudante,2106.3256513203673
Theresa Miller,24,Puerto Rico,Jornalista,8503.838178301048
Jerry Webb,45,South Sudan,Professor,6567.659346959625
James Marx,25,"Taiwan, Province of China",Estudante,9092.493644032664
Steven Hamelton,27,Denmark,Eletricista,2583.913181485328
Larry Holben,46,Western Sahara,Dentista,3739.6203699298703
Maria Robertson,27,Sao Tome and Principe,Motorista,2513.584270104926
Tracy Wilds,41,Viet Nam,Enfermeiro,3739.3677616788273
Leon Boswell,33,Chile,Cientista,5065.745850829831
Kim Jones,22,Russian Federation,Médico,4450.030706021314
Alice Pineda,32,Canada,Médico,9753.776736078631
James Hayden,62,Ukraine,Programador,3611.898667499341
Juana Knight,45,Burundi,Médico,3859.574501542992
Christopher Dales,41,Bahamas,Designer,5934.489590473623
Rodney Rasmussen,57,Tonga,Farmacêutico,7487.572824690072
Juan Aurora,47,Bulgaria,Garçom,4794.43515023509
Amelia Clark,43,Romania,Bombeiro,3295.351452327067
Shanika Kang,44,Zimbabwe,Vendedor,9098.498115069626
Simon Richardson,48,Mauritius,Veterinário,6599.387282649854
Rickie Melancon,30,Guyana,Vendedor,9110.403937827625
Theresa Mcgary,36,Lebanon,Veterinário,4481.472307243033
Charlotte Shedlock,35,Montserrat,Veterinário,3225.2036185609763
John Miller,49,Romania,Farmacêutico,9524.037516095985
Peggy Flanders,30,Mauritius,Farmacêutico,6796.316073771663
David Huff,39,Åland Islands,Farmacêutico,7050.563732412393
Jena Hamrick,20,Cuba,Psicólogo,9573.294774783542
Donald Wyse,60,Singapore,Psicólogo,2263.150584453891
Lulu Smith,40,Puerto Rico,Artista,5883.538040604499
Jimmie Partin,20,Estonia,Motorista,7435.481046167531
Rory White,35,Falkland Islands (Malvinas),Veterinário,3966.8295049502244
Latrina Glenn,25,British Indian Ocean Territory,Eletricista,9176.63326682112
Sunny Deltoro,26,Andorra,Dentista,5595.809037373528
Kathleen Marler,57,Côte d'Ivoire,Farmacêutico,2108.8968550544996
Richard Walker,36,Cuba,Designer,9382.190623071445
Dave Summey,45,Sudan,Arquiteto,9133.73643762253
John Colpitts,59,"Korea, Republic of",Designer,4449.603656353716
Gale Weaver,56,Estonia,Garçom,4189.553147043963
Robert Clements,23,Luxembourg,Bombeiro,2127.640810984154
John Uy,59,India,Motorista,9800.641578875959
Charlie James,27,Philippines,Estudante,4720.598492614273
Bill Brady,29,Iceland,Engenheiro,8754.127854390474
Julie Sinclair,48,Morocco,Atleta,3753.3826386734618
Michael Kendrick,24,Saint Vincent and the Grenadines,Padeiro,2667.557294613095
Israel Smith,55,Madagascar,Programador,5314.742662029173
Edith Manalang,51,Puerto Rico,Cientista,6578.568554490212
David Bell,63,Costa Rica,Músico,6695.681264065697
Michael Fields,55,"Bonaire, Sint Eustatius and Saba",Dentista,6620.637458887037
James Conrad,64,Falkland Islands (Malvinas),Programador,3664.061478555161
Catherine Jung,22,Italy,Psicólogo,3057.4108932712033
Letha Roloff,22,Honduras,Designer,5159.959027775338
Richard Brooks,24,Sao Tome and Principe,Empresário,5058.699378067611
Samuel Sansoucie,46,Mayotte,Piloto,9850.684346860255
Justin West,46,Paraguay,Enfermeiro,5881.388517684104
Sheree Mitchell,46,Luxembourg,Piloto,6174.586439609278
William Miller,46,Antigua and Barbuda,Vendedor,3313.8853480172675
James Walker,64,France,Vendedor,7103.357480322552
Nathan Rodriguez,57,Sudan,Cozinheiro,3424.0470568693245
Jesse Smith,43,"Virgin Islands, U.S.",Empresário,9213.22065768914
Jesse Alam,32,Fiji,Estudante,7119.328141151002
Danielle Boedeker,50,"Saint Helena, Ascension and Tristan da Cunha",Arquiteto,7607.957743883366
Kelly Derks,37,Lesotho,Programador,2022.2262868935204
Mary Sweeting,35,Samoa,Veterinário,3773.2066660600685
Graig Johnson,40,"Korea, Democratic People's Republic of",Veterinário,6045.444801241825
Nettie Reynolds,50,Kyrgyzstan,Bombeiro,4687.268585470696
Melvin Gray,27,Falkland Islands (Malvinas),Músico,8478.581980489267
Andres Buskirk,31,Western Sahara,Empresário,3608.3127659016154
Paulette Wolfgram,48,Lebanon,Advogado,7089.515210600459
Perry Jackson,26,San Marino,Dentista,9117.080302902483
Kenneth Beard,63,Georgia,Programador,8916.58073658089
James Moore,58,Réunion,Bombeiro,2382.4377642181416
Ola Pacheco,53,Austria,Jornalista,5934.581086872712
Jason Bratton,43,Mayotte,Advogado,5499.240975699466
Raymond Ng,21,Nicaragua,Designer,3362.831373254183
George Pinell,40,France,Farmacêutico,3038.8163480443345
Jorge Rojas,63,"Palestine, State of",Jornalista,5815.345242104082
Joan Bowser,44,Netherlands,Programador,5556.186744453855
Henry Parton,28,Sao Tome and Principe,Psicólogo,9450.704770281041
Edgar Nanney,29,Sao Tome and Principe,Padeiro,3580.724062964329
Michael Outhouse,22,Japan,Eletricista,2412.3530068717337
Wilbert Hyder,53,French Guiana,Cientista,9756.099693408727
Pearl Haskell,63,Finland,Músico,6313.997744613223
Charles Smith,25,Armenia,Engenheiro,7565.834501639909
Linda Harrington,42,Madagascar,Arquiteto,5593.776600834988
Joann Spueler,54,Falkland Islands (Malvinas),Escritor,6807.0269812507695
Robert Holland,47,Sint Maarten (Dutch part),Psicólogo,5847.71493934205
Randall Steele,24,Sri Lanka,Designer,2724.1873878530987
Jamie Bracy,29,Jordan,Piloto,8104.444265701439
Connie Beach,43,"Venezuela, Bolivarian Republic of",Empresário,6985.614480396391
Mary Cifuentes,58,Monaco,Motorista,3993.7106033127757
Jennifer Martinez,27,Netherlands,Escritor,8328.901418027508
Reva Rowe,25,British Indian Ocean Territory,Médico,4558.036389603165
Chelsey Lutz,41,Mexico,Programador,3943.1524895566295
Thomas Doolittle,27,Guyana,Enfermeiro,3064.161752864643
Teresa Kent,49,Montserrat,Empresário,5754.613673997321
Mary Miller,41,Bahamas,Artista,6715.572550738779
Janet Cagle,26,Puerto Rico,Psicólogo,7381.537088881354
Nathan Coe,34,Ireland,Programador,2108.643974138894
Geraldine Higgins,19,Gibraltar,Farmacêutico,7403.393686476476
Mark Ramirez,26,Tunisia,Vendedor,9649.79471240269
Nora Avera,45,India,Policial,8154.373759203388
Fred Folkers,49,Paraguay,Advogado,6466.4977089418935
Stella Hicks,55,Russian Federation,Empresário,6119.992401064106
Bart Hoy,37,Northern Mariana Islands,Farmacêutico,6554.305037368609
Margaret Beighley,36,Belgium,Arquiteto,9403.512307911893
Charles Pearcy,48,Åland Islands,Bombeiro,5375.166751528746
Joe Simms,46,Libya,Policial,5991.742713191212
Brian Chelton,64,"Moldova, Republic of",Professor,5776.427411569451
George Schrader,30,Afghanistan,Arquiteto,4719.824390539648
Willie Moon,35,Trinidad and Tobago,Estudante,7900.974680227792
William Edmonds,38,Bahrain,Motorista,2291.496085460212
Adolfo Schofield,61,Dominica,Vendedor,5040.454000301343
Mary Pash,57,Paraguay,Dentista,4544.3840429314405
Bill Burpo,30,United Arab Emirates,Piloto,9977.413719042375
Marie Peake,62,Mauritania,Veterinário,4158.1815170758
Corene Hollingsworth,31,India,Cientista,9859.499577519102
Darrin Davis,36,Tajikistan,Escritor,7401.492051437085
Thomas Lehman,42,"Tanzania, United Republic of",Psicólogo,9760.928885168367
Carolyn Bartley,20,Ethiopia,Vendedor,9513.983181545951
Lisa Mull,30,South Africa,Garçom,3839.387012659694
Dale Gill,50,Curaçao,Bombeiro,2826.9426994830837
Agnes Holland,24,United Arab Emirates,Advogado,2822.3389554524188
Edwin Herrera,49,Kazakhstan,Vendedor,6857.613034361276
Mary Troke,64,Slovenia,Arquiteto,2538.4542507692504
Margaret Shoultz,38,Wallis and Futuna,Motorista,6584.478597859292
Judith Torres,30,Guatemala,Músico,7121.9276743607215
Abraham Duggan,29,Maldives,Artista,3099.0635613673544
Robert Walker,54,Congo,Artista,3426.831906888749
Robert Chatman,63,Djibouti,Cozinheiro,2624.5691234552132
Ronald Adair,28,Mexico,Eletricista,2626.183534041332
Henry Kramer,56,Sierra Leone,Psicólogo,8303.022989880235
Laurel Goldman,64,Tajikistan,Eletricista,2644.142584295561
Matthew Hurse,35,Armenia,Enfermeiro,2197.2727229022285
Louise Hogarth,52,Niger,Cozinheiro,9130.36701490383
Eleanore Nicholson,37,"Saint Helena, Ascension and Tristan da Cunha",Engenheiro,5109.75862605132
Rickey Levine,53,Egypt,Eletricista,2543.1943811903056
Carol Covington,64,Belarus,Artista,9865.251674804556
Marilyn Austin,20,French Guiana,Cientista,5234.171878072457
Jennifer Colburn,24,Latvia,Programador,7422.150308562796
Leslie Wilbanks,33,Iceland,Veterinário,3402.864328182649
Wilbert Harr,60,Nigeria,Cozinheiro,2369.4876238965435
Esther Zepeda,49,Dominica,Eletricista,9962.229986813756
Troy Vaquera,39,Panama,Enfermeiro,9400.96878388853
Sanjuanita Oneill,28,Trinidad and Tobago,Enfermeiro,4754.226052931912
James Molina,21,"Korea, Democratic People's Republic of",Músico,7591.112148369612
Frances Munro,56,Guernsey,Cientista,9977.33627123755
Jodi Hastings,40,Kenya,Garçom,5703.958881363484
Norman Burgos,35,Dominica,Eletricista,3340.367882117891
Philip Brungardt,18,New Zealand,Músico,6977.290828164634
James Kubo,61,Uzbekistan,Professor,5192.10056242039
Ellen Maynard,56,Albania,Enfermeiro,9622.71967441385
Mickie Anderson,39,Montserrat,Estudante,8679.851009711685
James Griffith,27,Yemen,Artista,2283.386847991795
Jeremy Turner,56,Estonia,Professor,5857.946673001554
Thomas Frase,24,Guadeloupe,Garçom,4602.307082341471
Robert Johnson,38,San Marino,Garçom,8873.0133588752
Angela Collins,56,"Moldova, Republic of",Enfermeiro,8043.228520443268
Anne Pope,31,Uganda,Enfermeiro,7690.7468202554
Joann Fletcher,34,Saint Kitts and Nevis,Músico,8395.028118472022
Lisa Harris,18,Canada,Advogado,5126.8458274802815
Sandra Silva,18,Myanmar,Arquiteto,9470.98155199763
Amy Hearn,49,Grenada,Professor,9985.399532944313
John Hinrichs,24,Cayman Islands,Músico,6144.363874386156
William Vazquez,35,United States Minor Outlying Islands,Garçom,8622.000991814988
Norris Levin,24,Uruguay,Estudante,7956.628290669201
David Johnson,46,Switzerland,Estudante,2231.439388114279
Matthew Edgar,34,British Indian Ocean Territory,Cientista,8215.573758077895
Richard Tompkins,59,"Congo, The Democratic Republic of the",Cozinheiro,8717.178189070895
Lori Bunker,37,Croatia,Músico,5096.902939258007
Rebecca Flook,19,South Sudan,Escritor,5716.707996932725
Nancy Vinson,47,Turks and Caicos Islands,Designer,7548.38989519244
Kristine Mehr,34,Slovakia,Escritor,3547.967921815255
Scott Greene,24,Réunion,Estudante,6145.876325314519
Christopher Graham,35,Montserrat,Vendedor,3350.251106645721
Mildred Schorn,42,"Bolivia, Plurinational State of",Estudante,9633.641778398338
Hipolito Baker,37,Nauru,Jornalista,5219.5202965954195
Bertha Redmond,19,United States Minor Outlying Islands,Escritor,9227.59768908843
Norman Graham,63,Peru,Veterinário,6541.854643318209
Dorothy Pushard,18,Mongolia,Vendedor,4500.316826297231
Jeffrey Browning,48,American Samoa,Programador,6991.175902290346
Kenneth Smith,22,Grenada,Garçom,5743.210046316763
Mildred Embry,50,Liechtenstein,Dentista,8382.533877393958
Teddy Adam,36,Åland Islands,Eletricista,8304.08868043901
Jami Ashford,43,Thailand,Designer,2535.6042277766073
Eleanor Coomer,53,Mexico,Empresário,3755.2813538691744
Willie Browne,29,Czechia,Professor,9651.884113688026
Anthony Detamore,63,Bulgaria,Padeiro,9954.853885035827
Gary Davis,53,Thailand,Programador,4802.2179187885395
Carlton Spenser,50,Guernsey,Motorista,2283.423393408226
Anita Ware,37,Sri Lanka,Cientista,8002.685651268248
Angela Kleist,50,Cambodia,Eletricista,5216.884117301835
Ross Poteat,50,South Georgia and the South Sandwich Islands,Piloto,4244.957169687024
Kimberly Driggers,48,Guyana,Designer,7815.080974207993
Kent Williams,56,Saint Martin (French part),Músico,5742.753849500568
Holley Keller,54,Singapore,Músico,7533.245129074023
Annette Harrington,47,Benin,Atleta,7958.755851355407
Norma Cole,56,Cayman Islands,Cozinheiro,2668.4661537385387
John Williams,38,Zambia,Psicólogo,6283.283599061824
Everette Champagne,50,Burundi,Bombeiro,4798.017915004718
Anthony Robertson,40,Trinidad and Tobago,Médico,7912.620635865044
David Daley,53,Solomon Islands,Veterinário,4801.1089560105665
Anthony Mitchell,42,"Micronesia, Federated States of",Motorista,4656.849704417143
Nicholas Durdan,33,Sint Maarten (Dutch part),Designer,8866.590439557345
Carolyn Fulton,31,Haiti,Bombeiro,9752.763322261071
Elvira Scaife,62,Liechtenstein,Designer,4268.464179644713
Tonya Hurt,33,Malawi,Cientista,3044.3761301212166
Eleanor Nelson,30,Costa Rica,Engenheiro,9729.75110302413
Chris Kozan,32,Monaco,Engenheiro,5408.574085050246
Rosemarie Williams,25,Belize,Escritor,6243.580403343823
Chad Leon,52,Belize,Garçom,4876.188272712303
Lisa Romo,46,Bosnia and Herzegovina,Estudante,5086.5518151274855
Linda Ervin,26,Myanmar,Escritor,4146.3883129495935
Tammy Evans,57,Morocco,Policial,5494.028257890365
Malcolm Bradshaw,52,Zambia,Farmacêutico,3158.973957672706
Nathan Chavez,21,Guyana,Médico,2115.825547297641
William Gibbons,51,Iraq,Padeiro,6539.978740522365
Bernadette Williams,28,Turkmenistan,Policial,6120.85897087726
Henry Simmons,26,Denmark,Psicólogo,6810.53524241518
Dean Lee,26,Nepal,Eletricista,7701.599705908635
Thomas Bryan,41,United Arab Emirates,Médico,6297.791420612609
Tommy Roop,45,Gambia,Artista,7404.746233450992
Deanna Gibson,18,Tunisia,Designer,4316.430376422507
Judy Keel,23,Pitcairn,Cozinheiro,3052.130065553701
Stephen Denes,57,Bermuda,Enfermeiro,4161.280292380739
William Hicks,28,Montenegro,Atleta,6214.903847669886
Anne Mcadam,40,Eritrea,Arquiteto,6149.881254356658
Catherine Bissonnette,19,Lebanon,Garçom,4332.8691505318075
Manuel Elliott,61,Nepal,Médico,2514.319504127025
Nolan Munoz,28,Denmark,Garçom,7451.600073614164
Chelsea Johnson,52,"Palestine, State of",Veterinário,5921.827153812452
Cecilia Hoffman,25,"Bonaire, Sint Eustatius and Saba",Bombeiro,3626.90152439957
Cesar Stier,61,Montenegro,Enfermeiro,8251.304131170553
Kayla Caruthers,22,Malaysia,Dentista,6981.120147524296
Marisol Thomson,42,"Bonaire, Sint Eustatius and Saba",Cozinheiro,2202.761873985356
Carol Smith,27,Georgia,Engenheiro,6059.550810532348
Stacy Kennedy,56,Honduras,Estudante,5877.555290647992
Elizabeth Jones,29,Algeria,Empresário,6677.704603630081
Aaron Jordan,46,Lebanon,Bombeiro,5797.753854901002
Marilyn Terry,37,Belgium,Veterinário,4428.009746819824
Philip Gomez,60,"Taiwan, Province of China",Enfermeiro,8360.561122446195
William Grube,49,New Zealand,Psicólogo,9889.626089897374
Vera Jackson,52,Viet Nam,Artista,6106.21827160617
Mark Lustig,53,Panama,Piloto,3212.524295635817
Sara Marquez,29,Canada,Policial,6114.560522839205
Betty Arthur,61,Norway,Jornalista,5822.390228946639
Tarsha Dean,23,Nepal,Advogado,7054.569263612629
Kimberly Potts,50,Namibia,Cozinheiro,7170.619271300456
John Williams,58,Jamaica,Bombeiro,9631.285273069298
Marcus Eidson,63,Bermuda,Padeiro,5264.900793918059
Oscar Cloud,39,Bouvet Island,Enfermeiro,6203.498063402405
Richard Young,31,Andorra,Médico,9350.979690655975
Kent Hamilton,44,Macao,Cozinheiro,7228.28795698918
Carrie Goldsmith,21,India,Garçom,8993.056503914142
Greg Glaus,21,Curaçao,Cientista,7637.006830360442
Joseph Holder,46,Guam,Atleta,3403.30955385218
Willie Cox,60,Cocos (Keeling) Islands,Advogado,8603.640668607624
Robert Saunders,29,Bahrain,Policial,8833.101455490178
Cynthia Werner,44,Azerbaijan,Professor,4851.199066420687
Herman Rollinger,44,Solomon Islands,Garçom,3274.985527323432
Dale Goodman,58,Yemen,Dentista,3778.209567704117
Mary Thomas,44,Ghana,Vendedor,5903.426898801171
Mary Snyder,39,Saint Martin (French part),Estudante,9286.429444709938
Lucy Marshall,53,Panama,Enfermeiro,4585.988504260314
Michael Chamberland,51,"Virgin Islands, U.S.",Eletricista,4628.499173448444
Justin Vegas,23,Cuba,Estudante,5079.857893536066
Thomas Goldbach,41,Niger,Padeiro,4142.993757539887
Debra Lynch,23,Switzerland,Bombeiro,4099.961302733227
Eileen Owens,27,Maldives,Jornalista,5247.3568150423
Keith Washington,57,"Tanzania, United Republic of",Psicólogo,7493.486439959461
Bessie Call,22,French Guiana,Atleta,6054.696505326439
Christopher Gassaway,53,Mongolia,Dentista,9032.506515300925
Jennifer Ferguson,51,Nicaragua,Empresário,7317.397452258154
Jamie Rose,25,Colombia,Cozinheiro,4118.6646622935095
Russell Henley,48,New Zealand,Enfermeiro,2308.2797315870775
Arthur Travis,47,Seychelles,Atleta,7104.531113122088
Robert Dickey,29,Northern Mariana Islands,Empresário,6399.472970803484
Robert Corbin,39,New Zealand,Escritor,8984.284473778194
Charles Genna,21,Qatar,Artista,6101.087796420943
Daniel Franklin,54,Maldives,Jornalista,2211.409836781638
Rita Perkins,47,Latvia,Estudante,7892.121844445849
Joan Bonds,49,"Korea, Republic of",Policial,5579.259753630641
Nadia Summers,62,Norfolk Island,Motorista,5457.426762387061
Michael Montgomery,46,Marshall Islands,Psicólogo,8726.406287890211
Richard Ramos,46,Holy See (Vatican City State),Dentista,8528.312996524073
Ronald Taylor,47,Bouvet Island,Eletricista,8435.924282632126
Erma Russ,64,Hong Kong,Artista,7902.583650275948
Clara Vanegas,58,Tokelau,Policial,3904.9627457365286
Hilary Mouzon,54,Brazil,Enfermeiro,8774.086816110419
Daniel Wilkerson,50,Côte d'Ivoire,Atleta,5095.86874329093
Jonathan Dodson,21,Costa Rica,Bombeiro,5386.708761016732
Lee Holton,31,Peru,Médico,4747.208099468382
Brenda Marriott,50,Indonesia,Policial,2685.1352678366816
Michael Canfield,21,Niger,Músico,9895.26593637127
Robert Ruiz,34,Dominica,Cientista,8111.786366741949
Keith Acosta,30,Myanmar,Bombeiro,6122.618048692255
David Jacobson,35,Sint Maarten (Dutch part),Designer,8261.203687299108
Mike Moss,56,Costa Rica,Cozinheiro,4452.817013870166
James Dickie,29,Guinea,Médico,8506.770785129798
Courtney Taylor,33,Ethiopia,Atleta,7341.881021916696
Robyn Pratt,55,Poland,Dentista,7941.872052643983
Ria Devlin,49,South Sudan,Psicólogo,8704.416478899642
Jacqueline Fusco,56,Togo,Cientista,9485.68426523885
Melanie Quiroz,50,Christmas Island,Advogado,3204.0747168632543
Nicole Gordon,63,Suriname,Artista,4097.280796913108
Glen Cooper,28,Eswatini,Médico,3118.508430094118
Jocelyn Miller,58,Kiribati,Empresário,8420.028683094326
Diana White,56,Switzerland,Escritor,9305.247644992447
Mary Wolf,24,Saint Vincent and the Grenadines,Engenheiro,7457.341783621958
David Cooley,22,Norfolk Island,Cientista,3613.5428989584816
Lydia Moriarty,25,Kazakhstan,Enfermeiro,9948.586708934992
Javier Lannon,50,Latvia,Atleta,9921.060125520253
Erlene Auten,54,Kuwait,Estudante,4134.607893411494
Summer Carson,63,Christmas Island,Artista,9143.199090896731
Susan Housley,40,Lao People's Democratic Republic,Bombeiro,2938.3934587716667
Charles Fletcher,40,Mongolia,Motorista,8214.506331891595
Katharine Knighten,55,Burundi,Arquiteto,6941.135493402057
Chad Dobbs,44,Senegal,Professor,3681.660080516921
Vincent Hugill,28,Cameroon,Enfermeiro,4900.213985197744
Gerald Loftis,45,Grenada,Veterinário,9160.613411225331
Sherry Blach,61,Estonia,Motorista,7034.275135465777
Anne Mcmurtry,64,Christmas Island,Arquiteto,2913.7904088236314
Deborah Francis,40,"Saint Helena, Ascension and Tristan da Cunha",Advogado,7858.13490004628
Judith Marsh,42,Indonesia,Eletricista,7092.243699976198
Juliet Pearson,24,Guadeloupe,Garçom,7232.4458494389
Angel Peak,50,Malawi,Vendedor,7484.045385781538
Travis Thomas,26,Antarctica,Advogado,3463.912327600249
Donald Lewis,57,Greece,Cozinheiro,8815.917878338805
Joshua Leonard,38,"Tanzania, United Republic of",Farmacêutico,2375.900229929962
Richard Timothy,43,Hungary,Padeiro,3361.738069672997
William Schmidt,36,"Tanzania, United Republic of",Estudante,8757.785555761886
Donna Shorter,29,Saint Vincent and the Grenadines,Escritor,7005.663302036798
William Greenwell,46,Tuvalu,Bombeiro,8276.064040179552
Terry East,20,"Bolivia, Plurinational State of",Cientista,9596.771664271619
Vera Wilkinson,25,Austria,Cientista,3167.841742039207
Eric Helsel,55,"Saint Helena, Ascension and Tristan da Cunha",Médico,9188.792570299815
Kathryn Edwards,18,Bangladesh,Psicólogo,6082.715222421128
Rona Ward,24,Sweden,Veterinário,7493.955455391773
Juanita Skelton,46,Malta,Engenheiro,3298.437035674923
Donald Humphrey,49,Marshall Islands,Arquiteto,2302.306100020249
Brenda Sanders,51,Madagascar,Piloto,6373.0003647161475
Michele Fontaine,60,Honduras,Veterinário,7960.885424684368
Frank Morgan,38,Malta,Escritor,4376.885283142588
Tonda Renteria,39,Tajikistan,Cozinheiro,3812.8534365537316
Kenneth Bright,55,Indonesia,Bombeiro,2252.90064335167
Chester Williams,35,"Venezuela, Bolivarian Republic of",Artista,3333.1023061210444
Victor Whitmire,56,Slovenia,Motorista,6832.976260220687
Victor Biser,44,Antarctica,Psicólogo,8446.738659834296
Mattie Pharr,25,Paraguay,Garçom,8055.064324726762
John Hoard,59,Afghanistan,Designer,7267.438859246458
Kathy Poor,27,Palau,Jornalista,7970.3260796454415
Karen Beauvais,37,"Venezuela, Bolivarian Republic of",Piloto,5177.728954577959
Mabel Zwagerman,23,Saudi Arabia,Professor,6618.9793948884635
Dee Andrade,32,Cocos (Keeling) Islands,Farmacêutico,4249.165009661232
Gloria Reider,34,Paraguay,Motorista,3492.2552658677164
Jeannette Barner,55,Kiribati,Médico,8853.687293820622
Diedre Barraclough,42,Honduras,Engenheiro,3136.040630043168
Karen Mcdonald,41,Vanuatu,Estudante,5923.975444263074
Gary Zable,63,Estonia,Atleta,9725.40767228994
Allene Dalessio,50,Morocco,Vendedor,2031.6067408970505
Teresa Sanders,38,Nepal,Enfermeiro,6003.974007665991
Anthony Monarez,44,Mozambique,Empresário,6425.861566934961
Louis Tunis,21,Gibraltar,Cientista,7553.4013429911265
Paul Escobar,51,Ethiopia,Cozinheiro,7655.835140087231
Jacquelyn Clark,49,Burkina Faso,Escritor,7314.843364108622
James Battiste,62,"Congo, The Democratic Republic of the",Jornalista,3166.740470555676
Debra Mcmillen,54,Nicaragua,Jornalista,9804.425969784956
Steven Zavala,42,"Bonaire, Sint Eustatius and Saba",Motorista,3628.2785504820395
Michael Southern,39,Cuba,Cozinheiro,3689.709394194976
Cheryl Riley,45,Chad,Médico,9451.412448519699
Wayne Taylor,53,"Micronesia, Federated States of",Engenheiro,3606.2104668310208
Geraldine Knight,31,"Bonaire, Sint Eustatius and Saba",Garçom,4589.992408650016
Melvin Harris,36,"Virgin Islands, U.S.",Escritor,7578.627397580899
Helene Thomas,51,Antarctica,Programador,6442.5417474955475
Timothy Osdoba,61,Paraguay,Artista,9939.882630438966
Patricia Arfman,49,Bouvet Island,Vendedor,6694.31342113189
Rita Yates,40,Dominica,Dentista,7517.985602274367
Eva Fritz,40,Cabo Verde,Vendedor,3491.677854024745
Robert Moore,53,Mongolia,Piloto,2553.980539692609
Ethel Larue,46,Chad,Vendedor,3392.706429136969
Lonnie Serrano,58,Croatia,Escritor,2826.003089433282
Shannon Bonifant,61,Timor-Leste,Cientista,2497.5028374356975
William Garnett,33,"Saint Helena, Ascension and Tristan da Cunha",Advogado,4827.723731286528
Mary Fraughton,49,Tokelau,Motorista,2831.1186080331972
Carla Perez,23,Nigeria,Cozinheiro,9326.90676673423
Maria Scales,18,Switzerland,Cientista,2145.084091433253
Carl White,20,New Caledonia,Artista,4505.8326888323045
Glenn Fisher,38,Georgia,Arquiteto,3391.235252322283
Cassandra Marn,29,Timor-Leste,Artista,9913.540918782428
Jane Schnoor,55,Cuba,Advogado,4261.886571721385
Chris Spence,43,Latvia,Designer,5551.7013775335345
Victor Hargett,20,Guatemala,Farmacêutico,4176.413739953846
Elizabeth Dailey,20,Rwanda,Empresário,2416.4723553973204
Richard Rogers,34,Ireland,Enfermeiro,3950.5791917502984
John Abreu,32,Italy,Advogado,3574.969410211389
Stephen Harbach,26,Malaysia,Garçom,6469.907669689095
Virginia Sizer,42,Gibraltar,Cientista,4472.89277684835
Shaun Murray,45,Congo,Cozinheiro,9284.513664610451
Janet Williams,35,Guyana,Veterinário,4315.16856641095
John Newton,51,Seychelles,Programador,6608.269343775939
Hazel Baker,44,Cyprus,Jornalista,5434.286393013883
Robert Martinez,24,Belgium,Padeiro,4856.761630922014
Ann Newton,39,Luxembourg,Professor,7223.166480887236
Bobby Gallagher,30,Faroe Islands,Motorista,3465.934431863216
Barbara Carrell,21,Saudi Arabia,Eletricista,5156.647448377659
Katelyn Ciciora,55,Saint Kitts and Nevis,Engenheiro,4977.188024614709
Jerry Noah,52,American Samoa,Cientista,2744.286335163691
Joseph Boros,53,Falkland Islands (Malvinas),Artista,7974.819626883197
Jose Pratt,54,Kyrgyzstan,Médico,6933.529357736252
Roy Gonzalez,25,Uganda,Motorista,2440.8312060911976
Joey Gehringer,26,Myanmar,Policial,8950.989163324393
Juanita Poulsen,30,Rwanda,Cozinheiro,5544.656984169353
Bernice Morris,18,Svalbard and Jan Mayen,Bombeiro,2073.635376685008
Ronald Bruner,46,Rwanda,Designer,4003.5392331706553
Issac Shapiro,55,Pitcairn,Advogado,6089.492454299257
Christopher Gosz,43,Suriname,Atleta,7432.442534098903
Debora Hughes,57,Brunei Darussalam,Médico,5440.014779909399
Holly Reeves,49,French Southern Territories,Enfermeiro,6103.485677142559
Jordan Champagne,29,Nicaragua,Vendedor,8060.171727655802
Charles Jones,30,Eswatini,Escritor,2743.672329378592
John Lake,56,Suriname,Eletricista,9815.394012210225
William Hummer,38,New Zealand,Dentista,9619.08127432319
Marian Carlton,63,Anguilla,Policial,4480.368539482071
Margaret Anchors,60,Martinique,Cientista,7323.821362729639
Brendan Hart,36,Norway,Advogado,4427.48577611681
Oscar Sanders,36,Slovenia,Dentista,8720.883479501232
Tina Parlato,62,Sri Lanka,Bombeiro,7450.653041900783
Ronald Reiley,58,Iraq,Atleta,9174.961423721023
Jason Johnson,32,Poland,Músico,8334.366877704808
Catherine Annino,51,Kenya,Músico,6658.07653730421
Eileen Huang,26,Ukraine,Bombeiro,9025.883483519918
Martha Henningsen,39,Trinidad and Tobago,Eletricista,7304.793824645046
Kathy Takemura,20,Mayotte,Motorista,9410.268958153843
Trevor Shipman,47,Timor-Leste,Policial,9472.884971968533
Rosemarie Eden,30,Bangladesh,Estudante,9713.641602539745
Shawn Anding,35,Belize,Farmacêutico,6624.3835714799525
Marcy Shelton,28,Eswatini,Cientista,5328.599407944844
Misty Pratka,37,Mauritania,Veterinário,3882.5153868524767
Eleanor Neblett,54,Bahrain,Estudante,6113.807353773062
Michelle Bagwell,44,Italy,Professor,3363.5583969079207
Peggy Cordova,43,Turkey,Vendedor,9137.152489581464
David Eash,31,Palau,Jornalista,5472.495278314578
Barbara Nichols,37,Belize,Policial,6267.876925939154
Amy Mutz,59,Tonga,Policial,3593.6646604511698
Erin Calderon,19,Botswana,Artista,2715.6043436396358
Nancy Boehmer,54,Bermuda,Bombeiro,4509.557314955033
Ed Lockwood,40,Afghanistan,Cozinheiro,7868.637383460148
Janice Blankenship,45,Guadeloupe,Atleta,9060.97672695485
Natalie Hansen,53,Colombia,Médico,3209.907401034543
Loretta Zimmerman,21,South Georgia and the South Sandwich Islands,Cientista,2290.054690822393
Heidi Jackson,23,Comoros,Escritor,4558.55005362577
Nancy Barksdale,34,Saint Martin (French part),Veterinário,2678.7003167074913
Michelle Morris,49,Cameroon,Dentista,5714.036874627118
Gregory Wiley,53,Angola,Programador,6074.686038344747
Debra Downey,64,San Marino,Programador,2987.814766744699
Magdalena Holtzclaw,60,Yemen,Dentista,8107.340591741309
Clayton Stout,43,"Saint Helena, Ascension and Tristan da Cunha",Veterinário,6290.126655030767
John Buchanan,39,"Tanzania, United Republic of",Artista,7370.552887302982
Linda Rodriguez,34,Bulgaria,Empresário,8467.613596890431
Sarah Mcdonald,38,Chad,Advogado,7728.877825888902
Miriam Allen,55,Azerbaijan,Motorista,8125.629091907938
Carolyn Jones,19,Pakistan,Vendedor,9551.732046304376
Jackie Roberts,41,Martinique,Advogado,4664.787144084454
Robert Duran,33,Belarus,Padeiro,3808.947195068722
Albert Ortiz,37,Hungary,Cientista,9228.795066540886
Harvey Hardy,59,Rwanda,Cozinheiro,5679.034970988626
Evelyn Kulig,39,Réunion,Cientista,6368.626092284369
Heather Magnall,47,"Korea, Republic of",Bombeiro,2729.6194715491347
Kristie Clark,57,Northern Mariana Islands,Professor,8363.402651116952
Jack Kruse,45,Estonia,Garçom,5673.628202946821
Carrie Kohler,54,Guam,Escritor,8963.903340980909
Carlos Armstrong,59,Canada,Piloto,7716.595293567111
Sara Faust,29,Grenada,Músico,9532.570352260547
Bruce Helle,63,Honduras,Designer,9312.947556231964
Jamie Leahy,25,French Southern Territories,Piloto,7497.6339161828
Sheri Barns,21,Comoros,Cozinheiro,2054.4147736718674
Juan Pulliam,49,Niue,Padeiro,6531.559168828854
Sara Johnson,26,"Virgin Islands, U.S.",Músico,7973.088894681515
Terri Walson,33,Andorra,Designer,5685.730268679937
Crystal Jones,62,Zambia,Dentista,6431.525993923298
Natalie Andrade,61,Dominica,Designer,2432.39247504585
Rosa Blankenship,46,Zimbabwe,Estudante,2932.3501261399983
Patricia Bell,31,Romania,Cientista,8809.361311374427
Jonathan Naugle,56,Armenia,Médico,5092.528089602132
Meghann Buckley,23,Bahamas,Vendedor,9755.12776357868
Clarence Rollins,46,Equatorial Guinea,Vendedor,2115.4433393655836
Florence Stone,64,Nepal,Arquiteto,4771.205365168549
Marie Castillo,49,Monaco,Dentista,2212.8839911158657
David Toney,59,Saint Vincent and the Grenadines,Atleta,5221.785814172652
Joseph Eichorn,34,Italy,Advogado,3878.9076390514792
Daniel Highshaw,61,Eswatini,Garçom,6667.545822807639
William Dean,35,Benin,Músico,8126.29193307232
Jay Fraise,64,Papua New Guinea,Médico,6513.811130259997
Lucille Beatty,48,Monaco,Eletricista,9576.272512838186
Mary Porter,44,Mozambique,Veterinário,7152.5006338814455
Martin Dobson,30,Antarctica,Músico,4568.371577910697
June Smith,63,Brazil,Programador,9693.992655530084
Wayne Virgo,33,Ecuador,Farmacêutico,3199.421040947012
Margaret Rodriquez,23,Serbia,Jornalista,3362.91348826826
Candy Glass,51,Malta,Psicólogo,5083.035396154573
Deborah Knauss,36,Saint Pierre and Miquelon,Músico,3217.5656822015053
Ron Paullin,37,Philippines,Psicólogo,7733.427102495038
Joanna Pacheo,26,Zambia,Engenheiro,6371.213314982492
Debbie Haris,38,Cabo Verde,Psicólogo,5575.603978084701
Corey Cano,35,Saint Martin (French part),Veterinário,8283.494837287963
Matthew Lewis,64,Saint Pierre and Miquelon,Piloto,9605.688342093315
Helen Poole,45,Dominica,Artista,9293.509307420161
Pam Thrower,20,Western Sahara,Estudante,8392.503781572981
Nancy Bickford,24,Philippines,Empresário,7654.313824579263
Daniel Barnes,35,Brazil,Engenheiro,2753.5059825062103
Dewey Gischer,49,Bosnia and Herzegovina,Bombeiro,4215.317563609557
Jennifer Boynton,55,Norway,Jornalista,7106.819331545476
Linda Hobbs,58,Guyana,Arquiteto,7818.82879773989
Daniel Ledford,36,Guyana,Eletricista,8571.198030821659
Cynthia Beachum,35,Eritrea,Psicólogo,8994.52754294779
Samuel Bishop,46,"Saint Helena, Ascension and Tristan da Cunha",Motorista,3703.822791888203
Joan Long,33,Gibraltar,Garçom,2330.8939562927185
Laura Malik,60,Mongolia,Policial,9898.002728897973
Michael Greene,21,San Marino,Piloto,3960.8583967758614
Jean Cameron,51,United Kingdom,Policial,8807.639646226064
Lori Hutchins,36,United Arab Emirates,Artista,4081.9162669123257
Jamie Harrison,29,Afghanistan,Motorista,6335.431122171631
Gregory Wilder,63,Saint Pierre and Miquelon,Médico,5969.63441116327
Margaret Quirk,39,Macao,Arquiteto,3226.773574324916
Felix Reid,38,Senegal,Estudante,4707.649372850121
Benjamin Sharp,56,Congo,Empresário,8171.439273852493
Astrid Delisa,64,Marshall Islands,Engenheiro,4318.164007843903
Joseph Ginkel,55,Cocos (Keeling) Islands,Dentista,6563.459959473775
Guy Brown,23,Poland,Designer,5932.065033214024
Mark Tarin,27,Lithuania,Veterinário,9610.664405541465
Joann Ly,18,Malaysia,Estudante,6786.866555513163
Elizabeth Faris,20,Greenland,Programador,2836.873099244718
Shawn Schmidt,34,Burundi,Motorista,3685.8352140536917
Bobby Trexler,64,Western Sahara,Escritor,4720.295468938502
Megan Gallemore,48,Italy,Jornalista,8140.289082132904
Patrick Stein,44,Iraq,Advogado,4162.571987835958
Edna Trejo,26,Oman,Médico,9104.227162747353
Thomas Hernandez,41,Saint Barthélemy,Motorista,4937.236761965332
Craig Serna,62,Philippines,Farmacêutico,2618.4599450319056
Booker Martin,18,Mauritius,Dentista,2515.2418250310184
Arlene Garcia,29,Mexico,Escritor,4904.941475903281
Jan Franklin,38,Syrian Arab Republic,Dentista,5628.125518227478
Marta Arra,38,"Iran, Islamic Republic of",Arquiteto,7234.026978742642
Ronald Petersen,37,British Indian Ocean Territory,Bombeiro,7613.408231126123
Naomi Grace,28,Afghanistan,Estudante,2349.118028380977
Lisa Naves,46,Timor-Leste,Arquiteto,3456.824033675526
Paul Fifield,25,Dominican Republic,Professor,6522.761764524505
George Pierce,43,"Congo, The Democratic Republic of the",Garçom,7759.528915812653
Connie Garcia,28,French Polynesia,Enfermeiro,5442.525112647507
Marva Decker,28,Zimbabwe,Arquiteto,6835.194634289866
Dyan Brooks,55,Benin,Padeiro,5496.084186536411
Cyrus Armstrong,19,Israel,Cozinheiro,7634.7381720907
Richard Neher,28,Turkmenistan,Músico,6957.439116997671
Christopher Collinsworth,20,Sweden,Engenheiro,6415.271740361314
Katrina Carrico,45,Bhutan,Piloto,4098.598332110807
Lillian Morgan,51,Wallis and Futuna,Piloto,2326.1749366650106
Wendy Hudnell,43,Faroe Islands,Policial,4888.753436910085
Jean Burk,22,Liechtenstein,Escritor,5118.394283925558
Natalie Jarvis,53,Hong Kong,Jornalista,4217.9283542147405
Joseph Sheets,56,Cambodia,Escritor,5630.951588280735
Dwayne House,37,Australia,Farmacêutico,5501.988568119365
William Wood,48,Sierra Leone,Advogado,5382.810035839353
Frank Kidd,24,South Georgia and the South Sandwich Islands,Jornalista,3000.7088254404975
Lamar Ethridge,34,Viet Nam,Eletricista,5360.97742785569
Todd Hannah,26,Cyprus,Professor,3864.657963910615
William Olding,55,Belize,Cientista,6808.6386603934025
Alma Gleason,44,Grenada,Cozinheiro,4214.505161907133
Carl Tadlock,64,Guadeloupe,Professor,7365.169065661947
Barry Taylor,60,Anguilla,Médico,6833.7197248312805
Daniel Hughes,48,Nepal,Bombeiro,7459.341139266577
Bill Mcelroy,20,Tajikistan,Arquiteto,2676.693927381929
Kelly Blair,50,Pitcairn,Dentista,2044.7040347274594
Jose Sherman,39,Åland Islands,Garçom,5545.083858917049
Christine Manuel,63,Montenegro,Padeiro,6236.581762910464
David Kincaid,58,Ecuador,Enfermeiro,4942.152061993524
Robert Santarpia,38,French Southern Territories,Policial,3102.3545486830362
Mark Jones,44,Ghana,Médico,5500.526348729201
Steve Wisner,39,Kyrgyzstan,Cientista,8372.869786661811
Louis Britt,33,Eswatini,Músico,6665.748169582823
Thelma Nelson,28,Barbados,Psicólogo,5496.66410106914
Robert Bryant,25,Finland,Vendedor,7235.824396528929
Patrick Puckett,59,Georgia,Veterinário,4465.679823353864
Phillip Logan,36,Kazakhstan,Policial,6694.853352457282
Christopher Kuykendall,42,Jamaica,Padeiro,7221.998885051633
Glenn Michel,19,Turkey,Empresário,3352.3500647917963
Reginald Farris,52,Mozambique,Professor,8887.799598217716
Cynthia Lamar,62,Latvia,Estudante,7280.481881223716
William Herriott,37,Portugal,Músico,7933.623628270149
Vickie Godwin,48,Mali,Médico,9737.881817422796
Charles Breland,50,Cambodia,Policial,5350.704061080864
Betsy Campbell,18,Argentina,Escritor,6980.081477027732
Carmen Cobb,42,Kazakhstan,Escritor,3582.0157414339074
Michael Wheeler,30,Fiji,Médico,7222.438809546556
Patricia Obrien,53,Timor-Leste,Jornalista,6778.211895991593
Bessie Hill,46,"Virgin Islands, U.S.",Designer,3786.81391456681
Carla Henry,22,Pakistan,Dentista,8295.71165746743
Carl Ritter,49,Sint Maarten (Dutch part),Designer,7492.014772684627
Cynthia Huelse,26,Solomon Islands,Piloto,5860.472015019801
James Jones,34,Namibia,Cozinheiro,4052.0189414671045
Maria Whitehurst,46,"Iran, Islamic Republic of",Dentista,4177.376750134901
Cynthia Bankston,63,"Taiwan, Province of China",Bombeiro,6158.517549972132
Walter Westbrooks,41,Czechia,Psicólogo,8814.620561161155
Kristine Vick,60,Chile,Artista,7115.166893060816
Gary Garcia,32,Jordan,Programador,4263.205992113688
Joseph Gallagher,61,Madagascar,Garçom,2348.145245836432
Jannette Schoberg,49,"Bonaire, Sint Eustatius and Saba",Arquiteto,4152.15033767312
Laura White,64,Zimbabwe,Professor,8297.658652851176
Virginia Abrams,63,Oman,Músico,3777.22613187576
Martha Turpin,25,Norfolk Island,Padeiro,6520.0745141438065
Ruby Fonseca,45,South Sudan,Estudante,5447.427891357506
Leslie Harrington,52,Gambia,Vendedor,2439.8788049255213
Bo Kessinger,19,American Samoa,Vendedor,3068.8106127630367
Jose Romero,34,South Africa,Programador,7293.270022756549
Sheena Huff,50,Armenia,Padeiro,8107.74152553327
Susan Blankenship,30,French Polynesia,Eletricista,6592.7576155682045
Marvin Weekes,18,Jersey,Empresário,4693.554087782778
Latoya Sweet,53,Bouvet Island,Médico,5282.868220263674
Bobby Reyna,55,Argentina,Estudante,6907.612231491126
Alisha Walker,36,Mayotte,Psicólogo,5034.214990164084
Kayla Long,18,Canada,Enfermeiro,3017.209447738253
George Ladner,47,Curaçao,Professor,2970.12285423867
Matthew Baker,56,Estonia,Designer,6725.023353045931
Lorene Tucker,48,"Korea, Democratic People's Republic of",Programador,8869.99633296637
Dion Lorenzana,24,Antigua and Barbuda,Garçom,8258.004976724367
Nanette Conner,20,Isle of Man,Médico,9329.323563248186
Lawrence Ennen,24,Nepal,Escritor,7015.985449814891
Florence Gomez,42,Aruba,Garçom,3670.3842076326323
Jason Gellert,24,Montserrat,Empresário,6808.693170566083
Joanne Wilson,62,United Arab Emirates,Advogado,2319.7854898919345
Lloyd Jolly,31,Solomon Islands,Escritor,7281.051673278645
Bessie Smith,30,Namibia,Jornalista,4851.386737235634
Diane Mendias,36,Saudi Arabia,Bombeiro,4566.593705278146
Karen Hynes,19,Jamaica,Músico,7078.656359339387
Bruce Reader,28,Germany,Bombeiro,6948.57768003525
Shauna Greer,28,Portugal,Engenheiro,4141.469688057001
Helen Cline,19,Japan,Garçom,6439.251396013147
Shawn Altamirano,40,French Guiana,Dentista,5957.814451184015
Derek Hoover,22,Antigua and Barbuda,Enfermeiro,2195.870124219565
Al Rucker,58,Philippines,Eletricista,6364.579375383075
Carol Coffey,47,Samoa,Jornalista,9075.666503231285
Christine Stoskopf,64,French Southern Territories,Professor,8317.51714631734
Cathy Carlson,31,American Samoa,Professor,7948.720537067074
Wallace Millett,46,Mauritius,Cientista,2453.7661573826854
Stephanie Todd,59,"Micronesia, Federated States of",Médico,3890.504533539558
Tamara Sellner,20,Malawi,Empresário,6171.215713932775
John Davis,52,India,Enfermeiro,4642.131598736245
Thomas Schrader,46,Gibraltar,Eletricista,8682.002294106213
Dori Busi,60,"Iran, Islamic Republic of",Enfermeiro,3318.2318767050338
Patricia Uzelac,37,Bahamas,Atleta,5122.580087767238
Francisco Herod,34,Eritrea,Psicólogo,3419.6374071799846
Micheal Washington,20,Haiti,Estudante,4472.853642431559
Inez Stallard,53,Azerbaijan,Motorista,5863.348448001809
Karen Chester,61,Mali,Empresário,9223.82921383773
Linda Moore,56,Burundi,Designer,7544.82251628098
Virginia Sheffield,51,Guam,Dentista,5696.065337535168
Angelia Jordan,35,Chad,Professor,2333.3592009173535
Nancy Mcwhorter,42,Lao People's Democratic Republic,Engenheiro,7624.3698513696045
Mary Williams,30,Hungary,Piloto,9431.183446665767
Dorothy Boom,23,North Macedonia,Cozinheiro,4609.558584534323
Leo Coleman,43,Vanuatu,Escritor,3854.845796076211
Lorenzo Murphy,33,British Indian Ocean Territory,Cozinheiro,8233.469980209617
Richard Tobias,35,Sint Maarten (Dutch part),Escritor,6558.478447248951
Marjorie Montgomery,38,Cambodia,Motorista,4679.584514447652
Lucille Gomez,27,Netherlands,Garçom,8239.76667640352
Duane Mcgee,43,Cyprus,Garçom,9191.618640092056
Mollie Dessecker,19,"Taiwan, Province of China",Programador,2268.5957181659805
Maudie Johnson,20,Turks and Caicos Islands,Vendedor,4625.5773289224235
Mary Mann,40,Libya,Psicólogo,9990.922598680685
Douglas Fenstermaker,25,Saint Martin (French part),Arquiteto,5658.625202379777
Robert Esters,27,Serbia,Professor,9815.046246776052
Robert Jong,32,Mayotte,Advogado,2737.1280074962333
Elizabeth Nagel,21,Azerbaijan,Programador,9484.28861520186
Tammy Buck,33,Iceland,Psicólogo,8080.570841753864
Tony Simpson,61,Armenia,Programador,2098.550757948194
Joe Libby,60,Congo,Vendedor,9512.552019228406
Doris Koopman,48,Mozambique,Engenheiro,7366.134445582562
Jeffrey Anderson,41,Samoa,Arquiteto,6614.833808519239
Larry Monfort,43,United States,Vendedor,4137.288712762691
Jerry Lugo,58,Somalia,Escritor,8573.671967076021
Jeannette Ramirez,37,Cambodia,Médico,9051.57857987702
Jennifer Velazquez,27,Kiribati,Piloto,7038.381310056167
Kay Taylor,47,"Saint Helena, Ascension and Tristan da Cunha",Empresário,7301.788186766679
James Bak,23,Belarus,Empresário,3399.2104503732417
Donna Moore,23,Liberia,Farmacêutico,4696.710042812893
David Finney,63,Bermuda,Padeiro,2794.333861283576
Sadie Frazier,61,Antarctica,Músico,9181.139476131695
Alyssa Fairrow,61,Cuba,Designer,5390.020132464474
Anastasia Slover,32,Serbia,Policial,4234.481167817999
Ivy Sweeney,61,Thailand,Escritor,6224.375037492534
Micheal Norrick,41,Niger,Atleta,4319.737907171444
Amanda Stevens,34,Montserrat,Professor,8696.417277826382
Susan Leach,55,Montenegro,Padeiro,5703.517964805161
Kimberly Peterson,45,Norfolk Island,Padeiro,6216.129475184367
Richard Oakes,45,Sweden,Cientista,9782.39761039938
Sherry Glenn,47,South Sudan,Programador,3395.0396438898733
Kim Castaneda,30,Malta,Psicólogo,8531.54023362491
Linda Humbert,28,India,Cozinheiro,7076.725925883665
Marla Valiente,54,Sint Maarten (Dutch part),Advogado,4926.747773761756
Rayford Mclane,58,Jersey,Programador,7313.590151011633
Micheal Roman,39,Madagascar,Professor,5620.8085265354075
Marvin Nievas,30,Barbados,Professor,6374.224089998249
Margaret Brooks,60,Iraq,Engenheiro,7964.359786716162
Jill Perry,53,Jordan,Designer,5964.7601168133715
Myrtle Graver,40,Marshall Islands,Professor,2226.9310461641317
Robert Hines,56,Kenya,Policial,4323.531979230659
Susan Hogan,52,Kyrgyzstan,Padeiro,8725.609642339961
Patricia Mathews,35,Lesotho,Escritor,6113.503543121052
Don Mayer,45,United Kingdom,Dentista,8154.855295758425
Janice Dion,53,Saudi Arabia,Padeiro,9157.4649196948
Edith Jackson,18,"Moldova, Republic of",Cozinheiro,6859.234615517145
Carol Cunningham,61,Mayotte,Padeiro,4871.865047720417
Robert Young,19,Lao People's Democratic Republic,Veterinário,7108.092655020885
John Hatton,47,Bangladesh,Jornalista,9809.64015761953
Thelma Isaac,36,Kiribati,Padeiro,6715.772231385024
Brandi Whedbee,41,Samoa,Padeiro,4389.401919012132
Alycia Holmes,63,"Taiwan, Province of China",Farmacêutico,6205.6840568638645
Arlene Lehman,35,Israel,Advogado,5527.472499298976
Allison Haws,27,Northern Mariana Islands,Cozinheiro,9429.589355846758
Ellen Stoneking,36,Botswana,Piloto,6607.840641037766
Pearl Lepage,62,Zambia,Psicólogo,6814.242658350448
James Horne,52,Monaco,Eletricista,2676.0940044134527
Mary Rodriguez,36,Georgia,Cozinheiro,7444.493817662359
Mark Manygoats,60,United States,Jornalista,8071.323136124633
Rafael Frye,43,Nigeria,Bombeiro,3095.373967709051
Jay Wilson,26,Cuba,Farmacêutico,3917.4245943139313
Sheryl Horio,21,"Iran, Islamic Republic of",Estudante,7369.3513295544235
Randy Anderson,44,Serbia,Médico,8044.248763500845
Gisele Linker,45,Congo,Garçom,2225.0581038804053
Wayne Slaughter,58,United States Minor Outlying Islands,Farmacêutico,6107.4012593253765
Anne Locy,37,Cameroon,Advogado,5199.385051217663
Kelly Gullixson,56,United States Minor Outlying Islands,Estudante,3596.844358000226
Anne Miraglia,47,Niger,Escritor,8729.027714240048
Betty Burris,51,Pakistan,Bombeiro,6047.657737869011
Hazel Holifield,36,Heard Island and McDonald Islands,Arquiteto,2451.4130736120546
Steve Schmidt,20,New Zealand,Dentista,9278.571899205319
Lana Rogers,57,Marshall Islands,Bombeiro,2185.2777083107994
Stacy Moya,54,Rwanda,Arquiteto,3463.879924363604
Jeanne Hall,57,Cook Islands,Atleta,8728.84844890347
John Quezada,35,Afghanistan,Artista,9043.749941337634
Mattie Williams,18,Saint Kitts and Nevis,Policial,8431.248383020238
Barbara Thomas,39,Yemen,Vendedor,9492.586583710472
Jennie Cano,28,Gabon,Advogado,5069.572722169113
Jean May,32,Tuvalu,Cientista,6773.826979884717
Shari Gomez,39,Barbados,Professor,9748.932681479007
Shelly Shindle,28,Kuwait,Garçom,9535.814720220118
Linda Elizondo,45,Rwanda,Policial,5306.7928793354595
Sarah Hawk,56,Liberia,Eletricista,9819.440849681625
Barbara Cameron,18,Montserrat,Vendedor,5828.283944196395
Robert Martin,38,Gabon,Enfermeiro,3315.5729126410442
Johnathan Bates,27,Kiribati,Designer,2816.0105839734647
Kevin Woolford,60,Saint Vincent and the Grenadines,Professor,6891.373587876659
Karen Nix,59,United States Minor Outlying Islands,Escritor,2911.2236025525326
Nancy Negrete,40,Poland,Eletricista,3270.1138462708304
Ernie Valdes,24,Kenya,Programador,7353.383121575273
Jason Knight,22,Ireland,Médico,7082.192520158823
Aaron Ratchford,38,Martinique,Atleta,9792.93500237726
Barbara Bullard,53,Anguilla,Empresário,2393.152606333756
Irene Ferry,35,Estonia,Programador,3500.8979635616624
Marianne Rommel,33,Indonesia,Farmacêutico,9711.34907807313
Shelby Caldwell,52,Nauru,Policial,4238.004162361887
Brian Ecklund,53,Libya,Arquiteto,2615.874565727714
Marion Shriver,28,Germany,Padeiro,7483.237391045595
Thomas Dubois,38,Armenia,Enfermeiro,7995.596505166489
Diane Burge,41,Italy,Advogado,4235.428619621356
Marcus Mara,64,Gambia,Policial,9012.367196025552
Virginia Alaibilla,59,Jordan,Professor,8312.639678124106
Ruthe Contreras,56,Nicaragua,Programador,7491.519522879374
Sarah Seltzer,57,Russian Federation,Padeiro,3695.7280847119255
Bobby Hall,46,Belgium,Policial,4267.653640050717
Raul Hilburn,46,"Korea, Democratic People's Republic of",Cozinheiro,4831.73718023513
Brandi Bruno,59,Grenada,Jornalista,6868.7634182550355
Lena Niebuhr,39,Uzbekistan,Farmacêutico,9027.840183354598
Marlo Saults,22,Heard Island and McDonald Islands,Vendedor,3792.406742373377
Jackie Headrick,43,"Tanzania, United Republic of",Advogado,5995.290666245055
Judith Repine,32,China,Artista,6595.192248664889
Carmen Paul,45,Poland,Artista,5966.604422414589
Steven Rayburn,54,"Bonaire, Sint Eustatius and Saba",Garçom,5951.776017708423
Carol Henle,45,Sierra Leone,Farmacêutico,3970.296566546968
Jeffrey Hernandez,58,Greece,Piloto,7200.7545952679475
Danny Mares,60,South Africa,Farmacêutico,4462.748463032576
Mary Williams,35,Finland,Programador,9802.111704138997
Sara Fellman,47,Turks and Caicos Islands,Cozinheiro,3541.0599630272254
Rochelle Mcgary,32,Slovenia,Escritor,7063.894125174741
Manuel Williams,59,"Congo, The Democratic Republic of the",Psicólogo,7775.211908528033
Brian Wright,23,Sweden,Estudante,4871.967890081938
Maria Greene,23,"Virgin Islands, British",Médico,9212.335866552716
Pauline Alvarez,22,Netherlands,Professor,2333.098224784046
Jessie Larsen,33,Macao,Arquiteto,8903.861132007023
Michael Siu,33,Turkmenistan,Eletricista,4550.237213124511
Clarence Gladwell,64,Lithuania,Farmacêutico,9234.473376433867
Johnathan Roley,25,Congo,Jornalista,3222.08914111968
Stephen Williams,31,Panama,Cozinheiro,5340.94842920868
William Beran,32,Ecuador,Engenheiro,5028.365045924605
Jessica Brennan,36,Côte d'Ivoire,Médico,4897.2663868290265
Joseph Dodd,56,Somalia,Dentista,5945.286596568212
Charles Franzese,23,Namibia,Piloto,3734.8649557424014
Latina York,57,Jersey,Estudante,4929.239364019426
Ashley Beighley,32,Algeria,Cozinheiro,4740.77471222973
Gertrude Arnold,25,Ukraine,Atleta,8038.570695999185
David Mcquirk,28,"Congo, The Democratic Republic of the",Dentista,9847.401714651767
Francis Bryan,24,Zambia,Veterinário,8238.960319350143
Raul Townsend,55,Jordan,Cozinheiro,3222.1883771459206
Tonya Tisby,42,"Bolivia, Plurinational State of",Garçom,6098.838751463429
Shirley Behnke,64,Lebanon,Cozinheiro,8847.418698516543
Patsy Leverette,25,Argentina,Veterinário,9610.446469952836
Vivian Johnson,44,Libya,Advogado,4896.651006447493
Douglas Shirley,50,Cuba,Piloto,7453.3144064035605
Joseph Ross,58,"Bolivia, Plurinational State of",Psicólogo,7885.912811451889
Julio Rankin,45,Albania,Motorista,4105.483095903546
Tenisha Beeler,25,Fiji,Jornalista,3866.059923431587
Robert Nunez,42,Guernsey,Engenheiro,5264.943215697322
Martha Wilds,50,Bhutan,Atleta,5449.99405586482
Flora Berndt,63,Malawi,Dentista,7682.667672707612
Jack Brewer,32,Syrian Arab Republic,Atleta,9040.697976936031
Jennifer Harris,46,Zambia,Atleta,6142.345277197811
June Aumiller,42,Kenya,Eletricista,6347.84056412333
Lori Milburn,63,Croatia,Músico,7914.774805621267
Sharon Moses,36,Puerto Rico,Eletricista,8507.504864609265
Larry Daus,45,Norfolk Island,Policial,4756.866497956471
Michael Hagen,37,Bahamas,Psicólogo,9590.872235709874
Michael Gallagher,38,Dominican Republic,Programador,9364.32724135186
Erik Kerr,33,Kyrgyzstan,Padeiro,5812.580940338077
Ned Wright,52,India,Artista,4122.8682235084525
William Arenas,47,Saint Barthélemy,Professor,7306.399331467736
Kirk Giles,55,Maldives,Músico,4757.885473591538
Frank Tomsic,49,"Virgin Islands, British",Empresário,4617.99221704215
Damon Auten,36,Jersey,Artista,2358.218840081821
Henry Martenez,58,Sri Lanka,Farmacêutico,5924.996804460034
David Smith,36,United States,Professor,3145.2598837226897
Kathryn Lebaron,28,Antigua and Barbuda,Cozinheiro,2794.66736648825
Michael Howard,62,"Saint Helena, Ascension and Tristan da Cunha",Vendedor,3626.2122398645033
Jeffrey Santillan,44,India,Farmacêutico,9036.156118476389
Susan Mele,24,Cameroon,Escritor,8368.445868159577
Dean Coston,39,Heard Island and McDonald Islands,Médico,4771.2327515216075
William Cook,61,Netherlands,Professor,2558.2600564020045
Stanley Botner,28,Uganda,Designer,6738.734653098249
Jason Chick,41,Réunion,Jornalista,9631.615678296937
Norma Bruhn,38,Mayotte,Engenheiro,6786.841892225548
Michael Hunt,41,Sweden,Dentista,7336.475473332824
Robert Ramsey,36,Falkland Islands (Malvinas),Eletricista,6817.567921246911
Jackie Hood,59,Andorra,Piloto,2580.952291590799
Michael Dillingham,43,Sudan,Médico,6825.882012859581
Edna Cole,54,Greenland,Músico,9606.669671374595
Pedro Creel,44,Uzbekistan,Padeiro,9714.029471974605
Shannon Colvin,46,Netherlands,Bombeiro,4578.456301721912
Shari Hosea,36,Barbados,Psicólogo,8293.352416739284
Robin Sandhu,21,Kenya,Estudante,4476.955164760849
Janet Edwards,53,Bouvet Island,Músico,7454.682690688082
Herman Haynes,29,Honduras,Enfermeiro,4302.102148152871
Nancy Mcmullen,29,Zambia,Cientista,5000.277333578213
Vernon Cooney,19,Cyprus,Atleta,6097.466265567026
Christopher Austin,32,Comoros,Músico,6155.163098705978
Patsy Cole,45,Belgium,Advogado,6321.516201312324
Frank Cooke,24,Jamaica,Advogado,3094.022462512254
Marcus Irish,54,United Kingdom,Programador,8312.37456855401
Kimberly Lockwood,48,Burkina Faso,Empresário,8941.21619114911
Christina Rose,32,South Sudan,Dentista,6968.62167528047
Lillie Sabo,28,Montenegro,Empresário,7602.902423947332
Iris Hoard,38,Nicaragua,Cientista,4649.30727199613
Richard Mundt,28,Niger,Programador,2584.1407915651507
Ann Lohr,55,South Sudan,Garçom,4583.610263787265
Malika Johnson,62,New Caledonia,Estudante,2026.1824230765342
Heather Irvin,43,North Macedonia,Eletricista,6537.399283151599
Wilson Mccary,38,Sudan,Bombeiro,5554.63511127405
Alice Chancellor,44,United Kingdom,Programador,7234.223705264128
Kenneth Spence,18,Italy,Bombeiro,2694.960642629227
Jon Albert,40,Falkland Islands (Malvinas),Engenheiro,6226.211556942839
Anthony Schontz,49,Malaysia,Eletricista,2181.9966779385186
Timothy Leech,47,Malta,Escritor,5266.454713129304
Carolyn Falcon,64,Finland,Bombeiro,2544.810145659092
Trina Letendre,25,Lao People's Democratic Republic,Advogado,4713.701675808804
Bethel Hysell,25,Brazil,Motorista,8845.991585769738
Patricia Pritchett,41,China,Padeiro,4489.443679132017
Jesse Lafarge,61,Jamaica,Veterinário,8220.942854212872
Karol Hackney,57,Paraguay,Artista,8082.068661029538
Devon Cardona,28,Viet Nam,Médico,3309.0152114481225
Benjamin Larson,38,Belgium,Advogado,4997.454805217118
David Turner,47,Cook Islands,Atleta,6005.309949115176
Richard Sprinkel,47,Serbia,Cozinheiro,7917.281719793294
Lisa Hale,30,Cyprus,Professor,9367.169368331372
Ryan Ragsdale,54,Curaçao,Cozinheiro,9330.753266357086
Asa Buie,56,Panama,Policial,3603.1476280911565
Christina Nahhas,58,Côte d'Ivoire,Farmacêutico,3734.5050819521657
Scott Payne,46,Christmas Island,Dentista,6785.047345447298
Roy Combs,44,South Georgia and the South Sandwich Islands,Artista,4308.208282019275
Barbara Herman,43,Paraguay,Músico,9263.015829192293
Ruben Varian,18,Switzerland,Cientista,7618.866869035413
Lynn Hoyt,40,Guernsey,Jornalista,3454.081893778978
Alma Peffley,50,Iceland,Médico,4555.227426165262
Jackie Poundstone,43,Maldives,Policial,7821.879732287739
Clifton Montgomery,59,Kiribati,Artista,5606.559212763148
Gary Bee,58,Lao People's Democratic Republic,Arquiteto,2706.4566087971443
Patrick Sanchez,62,Puerto Rico,Bombeiro,6693.821760807992
Steven Williams,19,Georgia,Garçom,5055.374944305118
Martha Johnson,21,"Virgin Islands, U.S.",Atleta,6615.385694976027
Alicia Myles,62,South Georgia and the South Sandwich Islands,Enfermeiro,5952.0111867379555
James Svobodny,18,Burkina Faso,Músico,8792.117167827528
Jesse Moore,55,Paraguay,Padeiro,8038.5390955358325
David Cummings,41,Lao People's Democratic Republic,Bombeiro,4767.39282505224
Peter Bristol,61,South Africa,Músico,2541.833624748966
Michelle Stevens,22,Finland,Estudante,8111.193395476619
June Penny,22,Turkmenistan,Estudante,5160.300394372656
William Jackson,41,Faroe Islands,Designer,7613.947202709368
Francisco Carlyle,20,Botswana,Estudante,9710.720080301664
Gail Lahay,30,Singapore,Estudante,4793.199072240455
Gordon Hastings,60,Curaçao,Padeiro,6544.252766300495
Cedric King,48,Montserrat,Psicólogo,6945.120483947467
Julie Murdock,20,Suriname,Motorista,9359.468676923403
Diane Postel,46,"Virgin Islands, U.S.",Eletricista,8131.094401809052
Mildred Diberardino,40,Guyana,Professor,8684.761586493598
Joann Mumford,37,Kazakhstan,Farmacêutico,9698.135277815438
Ryan Williams,33,Estonia,Cientista,5361.317891186027
Greg West,23,Turks and Caicos Islands,Arquiteto,7202.331037013994
Sharon Young,35,El Salvador,Estudante,5290.79767668352
Robert Edward,42,Bahrain,Atleta,4830.2060800551735
Karen Wilson,27,Sudan,Escritor,2610.4135940758447
Carmine Cooper,39,Sri Lanka,Policial,5112.641803369457
Paul Powers,21,Svalbard and Jan Mayen,Estudante,8082.505143951854
Madeline Rojas,63,Togo,Padeiro,4464.657677576494
Walter Goldschmidt,26,Saint Pierre and Miquelon,Veterinário,3414.005540843609
Kathleen Engel,63,Guadeloupe,Engenheiro,6918.548178628669
Carol Alvarez,26,Austria,Vendedor,9560.712769722359
Jennifer Sattler,19,Martinique,Cozinheiro,4115.718276177137
Robert Hairston,62,Timor-Leste,Padeiro,3723.727282368456
William Gonzalez,53,Yemen,Atleta,4658.673940360926
Etta Shipman,31,Ireland,Advogado,7342.541100368483
Michael Holland,57,Dominican Republic,Programador,8028.134453697164
Homer Goodie,24,Guyana,Advogado,8272.281727855392
Brittney Gutierrez,54,Syrian Arab Republic,Escritor,5718.359263978136
John Dennis,35,Gibraltar,Médico,4017.174889295302
Michael Cooper,27,Guinea,Padeiro,6786.014778748686
Jeffrey Troutman,56,Djibouti,Empresário,7422.191395548912
James Buffington,48,Liberia,Motorista,6677.630747495879
Raymond Thielman,50,Burundi,Garçom,7730.029235621226
Jean Haley,37,Cambodia,Enfermeiro,8555.548327206387
Jasmin Britton,60,Lithuania,Escritor,8384.80411714428
John Julca,46,Niue,Veterinário,5972.734902588937
Richard Madsen,40,Croatia,Motorista,3194.4994540474854
Katherine Solano,25,"Virgin Islands, British",Psicólogo,5465.51659894876
Hannah Lawson,36,Liechtenstein,Designer,4643.200906132965
Victor Harris,23,United States,Engenheiro,5883.080576243119
Frederick Lenz,57,Egypt,Médico,3830.0796156783213
Karin Goza,26,"Saint Helena, Ascension and Tristan da Cunha",Motorista,9617.497504498951
Shannon Hudson,31,Lithuania,Vendedor,5341.54539653899
Edward Woods,21,Andorra,Médico,5764.098660184231
Alma Campbell,26,Saint Kitts and Nevis,Vendedor,4161.491750781392
Carol Coriell,57,Pakistan,Policial,3994.1406443088126
Debbie Michelle,34,Guyana,Designer,8368.040862601589
John Fitch,44,Åland Islands,Bombeiro,9019.050052579434
Thomas Russo,22,Lebanon,Músico,7915.4779990624675
Michael Faircloth,37,Guinea,Jornalista,2296.5363835838248
Kerry Salgado,24,Isle of Man,Músico,6273.028306035019
Rebecca Gadson,22,Syrian Arab Republic,Artista,8778.643716942814
Robert Sipes,20,Montenegro,Designer,2494.9946642271793
Albertha Lum,36,Libya,Médico,8243.205436290657
Mona Toothman,62,Gabon,Engenheiro,6052.480971198217
Margaret Rodriguez,58,Bahamas,Jornalista,2596.183860478661
Arthur Costa,34,Barbados,Programador,5591.397634663343
Esmeralda Harvey,18,Equatorial Guinea,Empresário,2521.3927024356326
Robert Kuns,37,Botswana,Farmacêutico,6295.515426681728
Rita Miller,22,Congo,Arquiteto,5080.124192931325
Leslie Corona,64,Uganda,Padeiro,8979.084457107267
Raymond Gage,61,Italy,Programador,8475.910074302272
David Smith,24,Qatar,Motorista,4738.970488286735
John Samuel,57,Uruguay,Engenheiro,7322.487366317347
Abigail Tuck,50,Cambodia,Eletricista,7043.411881895455
Amber Nordberg,58,Turkey,Psicólogo,5452.862443502115
Sharon Musgrove,54,Mauritius,Médico,5517.855273757523
Albert Ogata,19,"Tanzania, United Republic of",Eletricista,5819.492896587277
Tommie King,32,Saint Vincent and the Grenadines,Padeiro,7462.159814599774
Sue Hanstein,57,Aruba,Atleta,9714.58920599809
Robert Alfaro,55,New Zealand,Cientista,9078.418355126618
Frances Morris,61,Cayman Islands,Vendedor,3160.067263664869
Maggie Baker,41,Belize,Cientista,6407.978332758146
Angelica Watterson,63,Niue,Veterinário,9149.397967894853
Chris King,50,Spain,Artista,4392.732619866914
Ronna Morrison,30,Svalbard and Jan Mayen,Padeiro,6964.005880268417
Susan Ryan,48,Guatemala,Músico,5893.699573797746
Ernest Enriquez,32,French Southern Territories,Médico,7588.297068364013
Jennifer Stiles,59,Solomon Islands,Eletricista,3925.4241533305467
